,Mouse1,Mouse2,Mouse3,Mouse4,Mouse5,Mouse6,Mouse7,Mouse8,Mouse9,Mouse10,Mouse11,Mouse12,Mouse13,Mouse14,Mouse15,Mouse16,Mouse17,Mouse18,Mouse19,Mouse20,Mouse21,Mouse22,Mouse23,Mouse24
mmu-let-7a,479,1,46,18,356,74,1,89,1,698,234,828,274,1,114,706,1041,540,62,120,1,178,132,583
mmu-let-7b,3377,382,927,363,2547,1141,1591,3194,1420,8878,3284,6309,3709,1686,2641,5907,7479,4268,2141,3498,1722,3590,2493,6595
mmu-let-7c,3846,193,707,218,2615,774,843,2184,855,7024,2882,6182,2852,954,2081,4738,6414,4413,1532,2075,1158,2766,2024,5025
mmu-let-7d,2183,198,639,215,1628,768,837,2414,623,7041,2693,5331,2327,602,1518,2963,4131,2738,960,1629,748,1764,1459,4325
mmu-let-7e,868,100,230,86,597,197,379,737,289,1751,927,1551,859,280,637,1214,1556,1239,487,823,344,749,615,1440
mmu-let-7f,177,21,34,9,143,42,92,131,75,276,181,350,194,68,148,263,429,222,111,140,86,140,125,261
mmu-let-7g,1790,98,371,158,1340,728,637,1630,404,4937,2725,4538,1760,361,1287,2356,4580,2183,726,1042,567,2012,1075,3377
mmu-let-7i,285,13,58,28,195,146,125,261,69,1020,488,864,404,87,233,373,812,304,197,230,96,301,217,617
mmu-miR-1,48,8,11,3,22,12,20,64,13,94,56,87,47,9,46,66,156,45,25,34,20,44,17,70
mmu-miR-100,129,16,31,19,123,49,72,168,49,335,142,253,181,50,127,193,398,198,90,126,75,115,99,222
mmu-miR-101a,6,1,2,1,6,4,9,8,10,15,12,11,14,7,15,7,31,12,10,13,15,12,12,8
mmu-miR-101b,50,14,13,8,16,17,83,77,69,78,63,83,91,64,81,99,104,62,75,97,65,93,71,92
mmu-miR-103,104,14,37,13,73,37,75,106,44,265,117,199,164,63,110,249,287,174,86,139,73,137,137,184
mmu-miR-105,22,7,8,2,3,8,41,40,18,30,33,37,39,25,28,45,27,32,28,30,34,31,40,38
mmu-miR-106a+mmu-miR-17,47,3,15,10,34,19,50,62,29,151,73,101,86,44,85,104,135,61,45,78,39,71,49,115
mmu-miR-106b,26,4,3,2,7,7,22,17,12,22,18,26,29,15,34,41,57,25,16,20,18,32,26,29
mmu-miR-107,33,2,7,5,18,8,21,23,12,58,35,68,42,28,37,63,87,43,23,36,36,39,42,51
mmu-miR-10a,5,1,5,1,6,7,7,11,6,30,13,16,13,16,21,24,15,12,8,18,9,10,24,16
mmu-miR-10b,14,7,9,3,6,5,21,13,21,21,19,27,17,17,36,32,21,29,26,32,33,29,25,25
mmu-miR-1186,122,13,23,5,41,12,124,102,121,161,96,174,117,129,119,191,123,94,82,220,151,47,266,87
mmu-miR-1186b,13,2,4,3,3,1,12,6,19,13,23,10,18,11,20,13,11,12,20,13,14,17,21,10
mmu-miR-1187,36,11,20,4,18,17,48,58,34,53,38,51,62,39,56,76,66,45,34,72,39,44,43,64
mmu-miR-1188,12,5,5,1,6,6,33,39,16,26,24,32,37,22,35,26,27,26,30,49,13,24,26,35
mmu-miR-1190,23,7,9,2,8,8,29,37,23,17,30,29,24,18,28,38,45,27,22,36,42,27,38,32
mmu-miR-1191,16,4,2,1,4,4,22,15,20,31,21,15,17,15,25,17,18,20,17,19,21,20,31,17
mmu-miR-1192,11,1,4,1,5,5,26,13,15,14,13,11,15,23,26,18,31,14,23,19,20,18,21,27
mmu-miR-1193,4,3,4,1,2,1,10,5,7,11,15,13,9,11,7,10,7,7,10,17,15,17,19,14
mmu-miR-1194,11,9,5,3,11,7,26,31,23,31,23,31,25,27,35,38,37,19,30,49,29,29,25,45
mmu-miR-1195,25,6,10,2,7,4,33,29,24,22,24,24,34,27,33,34,25,21,28,39,27,32,36,46
mmu-miR-1196,731,151,104,46,216,65,557,412,548,667,347,841,447,470,487,1039,781,439,348,786,579,195,1188,423
mmu-miR-1197,11,7,9,4,8,3,37,38,32,29,31,34,41,23,43,47,35,30,31,43,37,31,39,41
mmu-miR-1198,15,5,9,8,20,6,26,31,11,41,29,27,21,25,28,43,35,28,18,32,27,46,24,48
mmu-miR-1199,4,1,1,1,5,1,8,5,6,3,3,2,4,6,9,13,7,4,6,9,7,7,7,5
mmu-miR-122,3,1,5,2,6,1,6,6,10,6,7,10,4,9,8,5,11,12,11,10,7,12,11,10
mmu-miR-1224,31,10,9,7,18,8,47,53,24,38,44,58,59,33,60,56,59,41,36,61,37,48,44,67
mmu-miR-124,250,32,77,46,318,170,141,239,104,1195,637,678,489,115,288,819,1556,500,321,438,197,962,649,550
mmu-miR-125a-3p,27,10,13,2,21,12,41,49,24,59,33,71,61,35,56,60,67,37,44,58,40,45,48,73
mmu-miR-125a-5p,1529,245,512,230,1261,462,916,2070,626,4079,1972,3304,2197,1059,1367,2680,2737,1701,1552,2164,845,1490,1050,2829
mmu-miR-125b-3p,62,13,18,3,35,12,41,73,41,99,50,91,97,36,55,81,115,51,58,103,56,55,57,101
mmu-miR-125b-5p,6705,900,2068,771,4762,1974,3664,8052,2052,13054,4871,10003,10283,3529,5363,11080,12526,6997,5780,8370,3416,5442,3478,11073
mmu-miR-126-3p,3195,190,631,267,2097,1252,842,2289,565,6355,3569,6216,3194,663,2575,3130,8070,2503,1408,1693,786,2255,735,5161
mmu-miR-126-5p,253,12,35,11,129,60,57,115,42,298,274,314,210,45,207,222,632,166,111,107,64,219,52,297
mmu-miR-127,56,6,6,8,44,17,32,42,28,112,52,84,78,35,46,152,199,80,57,63,40,107,82,52
mmu-miR-1274a,4,1,3,1,1,1,11,5,6,10,6,7,6,8,4,9,14,9,8,12,15,2,12,9
mmu-miR-128,71,8,23,15,60,14,40,69,32,83,66,133,94,32,82,123,192,136,71,92,49,93,89,90
mmu-miR-129-3p,258,24,75,28,213,70,169,348,124,621,379,624,405,154,303,682,727,570,249,419,183,354,399,395
mmu-miR-129-5p,47,7,13,9,28,18,36,49,40,66,36,68,82,40,51,94,94,75,55,84,43,66,45,80
mmu-miR-1306,17,4,3,3,8,8,32,33,28,28,21,28,31,21,25,43,39,29,28,33,24,37,29,40
mmu-miR-130a,139,6,28,15,102,55,34,123,29,432,155,251,158,51,124,162,388,181,125,111,52,127,50,243
mmu-miR-130b,50,15,16,11,49,24,52,102,42,171,74,137,93,45,68,119,127,97,60,83,62,66,67,108
mmu-miR-132,282,34,101,52,348,124,176,362,104,1175,525,820,397,108,218,547,663,468,239,240,183,275,287,432
mmu-miR-133a,63,10,18,5,49,15,67,145,46,139,61,104,97,53,75,82,111,48,57,55,39,71,37,117
mmu-miR-133b,23,3,7,3,14,11,26,38,27,29,28,35,34,25,37,48,42,30,25,31,20,39,20,38
mmu-miR-134,13,6,11,1,10,8,31,39,26,31,23,32,27,18,31,45,42,27,26,35,30,30,30,34
mmu-miR-135a,249,29,80,32,195,60,125,250,86,433,315,378,314,80,242,248,292,290,164,239,105,184,146,451
mmu-miR-135b,7,1,2,1,4,2,15,17,12,9,8,16,17,19,20,12,18,10,12,23,13,18,18,19
mmu-miR-136,32,8,7,4,19,10,44,33,31,55,43,38,53,34,41,54,96,47,47,44,35,46,43,52
mmu-miR-137,5,1,3,1,4,6,14,9,13,14,21,18,17,6,11,17,45,10,17,10,19,30,18,14
mmu-miR-138,22,2,6,4,21,9,16,19,8,64,28,55,29,14,19,60,66,33,21,27,17,36,24,49
mmu-miR-139-3p,11,1,2,1,1,4,6,5,9,4,6,9,9,4,8,13,15,8,14,11,9,4,6,13
mmu-miR-139-5p,66,10,21,5,43,22,59,65,36,97,78,123,70,39,71,110,116,62,56,77,31,62,51,98
mmu-miR-140,46,11,8,4,19,17,25,40,15,94,34,68,67,24,52,55,138,24,38,36,32,57,30,64
mmu-miR-141,19,9,12,1,11,8,37,17,28,26,12,25,36,33,40,37,54,32,36,34,34,30,56,29
mmu-miR-142-3p,30,8,4,6,9,11,34,38,22,45,39,59,64,38,57,56,62,41,31,49,33,71,42,84
mmu-miR-142-5p,279,176,82,44,73,51,227,222,242,195,194,187,223,200,234,212,219,210,256,281,260,295,292,258
mmu-miR-143,525,44,132,31,269,238,202,440,131,1034,410,854,742,173,532,941,2395,514,311,366,176,568,198,938
mmu-miR-144,10,1,3,2,7,3,8,3,1,5,12,9,11,7,8,11,47,12,9,14,6,16,7,11
mmu-miR-145,8850,706,2171,406,4972,1494,3103,8490,1863,12310,5069,10121,8952,3389,7405,8155,15708,5765,5682,6053,2524,5232,2035,10993
mmu-miR-146a,105,18,27,12,81,53,76,92,44,214,85,209,156,56,101,216,271,212,65,101,60,151,130,323
mmu-miR-146b,12,4,4,2,8,8,37,28,35,35,21,35,39,30,44,50,43,21,31,48,39,37,27,44
mmu-miR-147,8,4,3,1,3,5,17,9,17,4,6,12,20,12,21,17,8,22,10,12,16,13,22,17
mmu-miR-148a,117,10,36,10,73,48,45,117,25,291,142,192,147,34,106,195,454,97,71,94,59,144,45,170
mmu-miR-148b,15,1,5,1,11,14,12,16,7,31,32,30,22,10,16,25,50,11,11,22,7,24,11,25
mmu-miR-149,122,20,45,9,84,45,96,120,59,150,96,144,164,79,104,266,285,102,101,159,78,140,126,144
mmu-miR-150,1705,230,440,136,1045,407,789,1930,533,3534,1442,2785,1573,695,1278,1694,2294,838,890,1455,611,1010,403,1738
mmu-miR-151-3p,23,6,6,5,9,8,22,14,15,45,27,29,27,14,28,45,37,26,24,31,25,20,25,36
mmu-miR-151-5p,145,21,50,30,129,77,116,199,74,636,209,396,213,53,181,310,423,204,141,197,91,168,113,266
mmu-miR-152,142,11,27,8,69,74,66,116,43,271,126,252,189,51,141,160,391,109,89,121,62,137,65,220
mmu-miR-153,6,5,5,2,3,2,15,24,10,10,12,11,17,16,6,7,15,1,5,18,9,23,10,20
mmu-miR-154,32,6,11,4,19,14,30,30,22,36,31,38,55,28,44,56,66,33,27,37,30,36,28,58
mmu-miR-155,1,1,1,1,1,1,1,1,1,1,1,1,1,1,1,1,1,1,1,1,1,1,1,1
mmu-miR-15a,42,4,18,8,30,25,44,32,17,124,60,116,59,30,45,58,134,58,37,34,42,53,43,65
mmu-miR-15b,57,7,10,8,28,28,33,81,28,185,103,141,115,35,63,123,155,65,54,55,37,74,40,94
mmu-miR-16,538,48,108,56,388,236,249,488,179,1347,700,1239,640,202,563,789,1628,756,338,444,199,596,395,949
mmu-miR-181a,505,56,136,54,476,178,292,565,161,1974,847,1226,666,202,451,955,1398,586,451,569,228,532,325,840
mmu-miR-181b+mmu-miR-181d,28,5,8,3,10,14,34,39,32,52,40,50,49,26,41,39,37,31,26,55,33,33,40,65
mmu-miR-181c,29,15,15,3,14,11,41,53,25,52,29,53,48,32,27,55,63,24,32,39,25,46,41,53
mmu-miR-182,6,5,6,1,2,4,9,7,10,11,11,12,12,10,13,8,15,7,10,10,11,8,26,10
mmu-miR-183,16,3,3,1,6,9,7,14,16,8,17,16,17,13,33,14,56,27,13,19,11,28,212,28
mmu-miR-1839-3p,6,4,6,1,4,1,15,9,14,11,9,14,22,19,22,23,15,12,18,24,26,12,25,13
mmu-miR-1839-5p,17,6,7,3,9,7,17,22,15,74,22,40,31,11,23,26,36,23,17,27,11,26,34,56
mmu-miR-184,24,4,6,2,8,11,36,28,28,21,25,54,35,24,34,42,32,21,29,33,23,32,28,39
mmu-miR-185,39,12,14,7,23,18,35,53,34,75,64,86,59,34,50,85,108,46,36,55,54,67,60,82
mmu-miR-186,12,5,8,1,8,8,30,32,19,28,25,31,23,24,28,25,37,22,30,18,31,36,32,39
mmu-miR-187,33,18,11,5,16,13,57,40,51,61,42,51,44,50,49,68,56,60,42,61,54,56,49,50
mmu-miR-188-3p,5,2,5,1,6,5,12,17,9,17,10,9,10,14,15,19,23,14,12,19,21,13,30,19
mmu-miR-188-5p,7,2,4,1,5,1,6,4,6,3,7,11,9,6,11,7,11,7,11,12,4,11,8,7
mmu-miR-1892,25,3,5,1,6,13,41,36,26,26,26,43,35,32,31,43,40,19,13,47,27,33,46,49
mmu-miR-1893,21,6,8,3,12,9,25,33,35,26,26,40,50,32,41,50,47,32,32,46,31,46,41,45
mmu-miR-1894-3p,6,3,2,1,1,2,6,8,8,11,4,2,7,7,12,12,14,9,8,14,9,6,14,8
mmu-miR-1894-5p,20,3,6,2,10,9,32,38,28,26,25,46,42,31,33,40,42,20,20,55,22,31,27,59
mmu-miR-1895,26,9,10,2,8,7,28,29,21,29,20,33,33,32,41,43,35,23,21,43,28,37,29,50
mmu-miR-1896,7,3,3,2,3,3,11,17,9,3,11,9,10,8,22,16,17,13,7,18,17,17,12,17
mmu-miR-1897-3p,6,3,1,1,3,1,5,2,5,4,6,6,11,2,12,7,8,5,7,14,4,5,4,6
mmu-miR-1898,18,5,10,1,4,7,23,30,30,27,23,33,33,15,40,40,37,28,24,31,33,39,38,39
mmu-miR-1899,2,2,5,1,4,3,7,7,10,9,10,9,19,15,21,21,12,13,15,30,19,12,15,18
mmu-miR-18a,10,3,2,2,4,4,12,10,14,15,11,9,19,11,21,10,26,12,17,16,16,13,16,13
mmu-miR-18b,6,1,3,1,2,5,16,7,13,8,11,6,12,12,20,25,19,12,13,29,22,13,27,14
mmu-miR-190,48,14,14,3,16,13,56,50,30,52,47,58,59,43,62,49,69,43,36,70,42,44,55,64
mmu-miR-1900,22,1,7,2,9,10,28,32,29,28,35,37,32,20,33,32,35,25,19,44,33,19,33,56
mmu-miR-1901,12,9,7,1,8,8,21,23,19,17,11,24,20,21,21,29,22,20,20,19,26,34,24,28
mmu-miR-1902,19,3,2,2,12,6,12,11,10,13,15,26,16,13,17,33,38,8,11,11,15,25,12,23
mmu-miR-1903,23,8,14,2,16,14,43,42,31,26,30,44,46,34,35,53,48,22,26,54,27,42,38,67
mmu-miR-1904,12,10,11,2,9,10,30,25,28,21,32,27,30,22,39,38,31,25,21,28,22,32,30,45
mmu-miR-1905,3,2,1,1,1,1,3,3,5,5,7,7,8,6,5,3,2,6,3,5,8,4,4,3
mmu-miR-1906,23,14,12,3,12,9,33,51,27,35,43,61,54,45,55,52,46,39,43,59,62,52,37,54
mmu-miR-1907,4,3,3,2,4,1,13,10,13,21,11,14,23,14,16,14,11,9,18,9,10,19,23,13
mmu-miR-190b,1,1,1,1,1,1,5,5,4,7,2,1,5,3,3,3,3,2,3,6,5,7,4,4
mmu-miR-191,85,15,28,6,63,39,62,121,44,208,104,227,150,57,94,185,220,117,70,116,47,80,60,169
mmu-miR-192,25,4,7,4,10,15,34,41,27,28,30,46,35,24,31,42,44,19,23,47,31,38,27,44
mmu-miR-1927,8,1,2,1,6,2,14,10,5,3,5,10,14,10,11,8,13,5,3,18,10,10,17,12
mmu-miR-1928,30,6,3,8,12,11,42,44,28,36,37,51,57,33,57,50,55,37,34,56,48,26,40,55
mmu-miR-1929,31,11,15,6,14,11,58,60,63,50,37,53,54,46,49,103,81,47,52,76,67,67,71,69
mmu-miR-193,7,3,3,1,2,3,17,7,6,6,10,10,10,13,18,9,16,9,8,13,12,14,16,16
mmu-miR-1930,5,3,3,1,3,1,8,8,8,13,8,6,18,8,27,21,15,9,15,17,15,14,16,17
mmu-miR-1931,4,4,1,2,3,3,17,23,12,8,5,11,15,12,16,11,11,16,13,14,10,20,20,12
mmu-miR-1932,6,2,2,1,1,4,5,7,4,6,3,3,3,6,15,5,5,5,11,17,7,11,10,11
mmu-miR-1933-3p,5,1,1,1,2,3,11,13,13,7,8,9,8,8,6,6,9,4,15,14,12,11,16,15
mmu-miR-1933-5p,31,7,12,4,19,6,37,48,40,42,39,45,49,36,49,78,71,62,41,69,45,59,52,47
mmu-miR-1934,7,2,1,1,1,3,5,6,4,10,17,8,21,4,16,11,14,11,8,12,11,17,21,9
mmu-miR-1935,14,3,3,1,1,1,26,19,15,17,18,18,23,11,26,15,19,20,15,24,15,16,22,21
mmu-miR-1936,4,1,1,2,2,2,3,5,6,6,3,6,12,7,10,3,7,10,3,7,9,7,9,6
mmu-miR-1937a+mmu-miR-1937b,74,5,23,3,18,8,44,33,23,72,43,183,80,69,83,53,121,73,56,54,34,48,39,60
mmu-miR-1937c,29,6,11,3,8,4,39,20,23,41,28,88,49,30,64,36,59,48,53,50,24,50,36,46
mmu-miR-1938,4,1,1,1,4,5,11,6,4,8,9,4,8,8,10,9,8,10,11,6,18,10,4,8
mmu-miR-1939,2,1,1,1,1,1,4,9,14,9,5,5,2,4,8,10,6,12,4,11,13,5,8,9
mmu-miR-193b,30,10,12,2,7,11,25,45,20,40,22,40,50,29,33,54,44,34,23,42,28,34,44,61
mmu-miR-194,25,4,12,2,13,13,49,52,23,45,42,63,33,32,48,44,73,49,33,49,38,41,34,69
mmu-miR-1940,29,12,13,5,14,12,59,59,29,45,44,45,51,38,54,44,63,23,39,60,38,54,49,65
mmu-miR-1941-3p,24,8,5,1,12,9,41,47,32,28,34,44,41,29,33,50,45,33,28,50,28,35,33,50
mmu-miR-1941-5p,17,5,3,2,2,8,18,27,17,17,10,25,28,17,24,27,22,13,13,25,16,23,20,20
mmu-miR-1942,34,12,20,5,15,13,68,50,42,43,43,75,69,39,51,57,60,40,48,73,53,55,38,82
mmu-miR-1943,19,8,8,3,9,9,38,35,26,24,29,33,41,26,43,44,40,39,24,42,36,38,29,42
mmu-miR-1944,2695,174,745,166,1839,594,1576,4828,757,9108,7079,11354,2900,1042,2417,4179,3786,4080,2880,2600,877,2964,4200,3261
mmu-miR-1945,10,1,5,1,2,1,17,28,11,23,16,22,14,20,21,28,14,14,22,32,15,30,19,24
mmu-miR-1946a,12,5,5,3,5,9,27,27,22,28,19,33,23,23,23,28,36,13,20,45,31,31,30,31
mmu-miR-1946b,20,6,1,2,2,1,22,12,15,14,14,16,25,13,28,19,22,11,29,29,27,18,29,17
mmu-miR-1947,1,3,1,1,3,2,1,2,1,2,6,4,6,1,10,4,4,1,3,2,8,4,4,6
mmu-miR-1948,12,2,3,1,1,3,15,9,13,8,12,13,14,11,15,15,15,17,12,15,16,13,13,11
mmu-miR-1949,14,7,4,1,6,4,16,14,15,12,16,26,21,16,22,20,27,21,7,20,25,26,24,17
mmu-miR-195,17,6,5,2,16,12,20,33,21,35,20,37,29,23,29,42,88,47,33,42,14,33,20,30
mmu-miR-1950,7,3,1,1,1,3,6,4,4,6,3,5,12,10,4,12,5,5,7,15,8,7,10,10
mmu-miR-1951,3,1,1,1,1,2,10,10,3,3,5,7,11,5,12,4,10,5,8,3,8,2,6,5
mmu-miR-1952,6,2,4,1,3,2,8,6,8,10,7,7,7,10,12,7,9,8,9,14,9,8,12,11
mmu-miR-1953,18,7,6,2,5,4,18,10,17,18,14,15,19,16,17,27,25,14,18,17,11,25,23,15
mmu-miR-1954,4,1,1,1,2,1,5,7,9,4,7,7,10,3,6,4,7,6,9,14,9,12,8,10
mmu-miR-1955,2,1,2,1,2,1,3,8,2,6,3,11,4,3,14,9,4,6,13,13,6,8,7,11
mmu-miR-1956,14,6,11,3,13,8,29,36,24,33,29,50,39,33,35,45,50,24,31,32,29,38,29,47
mmu-miR-1957,29,2,9,2,7,10,40,41,26,23,38,47,52,29,31,45,57,27,23,59,21,32,31,54
mmu-miR-1958,37,11,11,4,10,13,61,63,46,45,43,45,52,37,54,48,51,37,29,50,38,44,48,63
mmu-miR-1959,25,5,11,2,14,10,39,51,42,31,43,42,49,43,50,43,49,38,31,71,33,30,38,60
mmu-miR-1960,7,4,2,1,2,2,14,16,12,9,14,15,14,14,13,23,24,6,8,18,9,17,18,24
mmu-miR-1961,34,16,13,1,15,6,54,45,58,53,52,53,47,49,54,57,69,48,61,56,68,86,66,58
mmu-miR-1962,21,7,10,3,18,10,33,36,21,21,41,48,39,35,41,45,43,23,29,43,33,43,40,48
mmu-miR-1963,30,10,7,1,10,4,34,33,35,28,31,38,35,27,48,38,43,26,22,50,31,41,36,40
mmu-miR-1964,22,8,8,4,7,7,38,42,34,18,29,35,39,20,31,44,31,21,29,35,39,29,26,42
mmu-miR-1965,17,4,5,3,6,6,20,23,19,21,15,24,24,27,36,28,29,26,17,28,20,28,27,36
mmu-miR-1966,17,5,12,3,7,7,34,42,33,35,32,43,52,29,47,41,42,38,21,49,40,41,30,41
mmu-miR-1967,23,5,12,5,18,9,38,36,23,30,24,44,31,17,39,43,33,20,30,34,36,32,35,45
mmu-miR-1968,12,4,6,3,5,2,21,13,16,19,16,29,28,16,24,23,22,10,20,24,25,22,21,32
mmu-miR-1969,4,2,2,1,1,1,14,15,8,3,10,14,8,11,11,15,16,16,11,20,12,19,19,8
mmu-miR-196a,4,1,2,1,1,2,13,2,6,13,6,11,4,7,14,16,8,8,12,9,11,11,10,15
mmu-miR-196b,6,5,2,2,7,1,9,7,8,12,9,9,10,11,21,13,9,14,16,25,11,17,13,17
mmu-miR-1970,14,2,2,2,1,3,17,7,13,23,12,11,16,17,16,15,22,11,9,9,14,20,17,23
mmu-miR-1971,7,3,2,1,1,3,14,5,11,8,11,6,14,15,15,16,12,15,9,17,16,21,9,14
mmu-miR-1981,7,1,3,1,4,3,6,11,5,11,9,9,5,9,13,14,13,13,10,14,8,10,9,4
mmu-miR-1982,5,1,3,1,2,2,13,3,4,7,8,11,13,12,12,10,14,8,7,15,9,17,9,12
mmu-miR-1983,7,2,2,1,1,1,6,10,3,16,6,10,8,7,5,8,12,5,9,7,15,6,10,10
mmu-miR-199a-3p,51,12,20,2,26,30,47,96,29,158,44,102,69,26,56,92,111,49,36,52,40,52,38,116
mmu-miR-199a-5p,15,1,6,1,9,5,9,23,9,22,21,29,18,7,30,24,39,21,9,17,6,14,9,22
mmu-miR-19a,21,2,5,1,16,5,11,12,15,27,20,19,24,10,21,22,75,11,11,18,16,20,14,22
mmu-miR-19b,16,4,2,2,11,5,26,18,24,34,27,29,18,15,35,36,64,28,38,33,22,33,31,25
mmu-miR-200a,27,9,9,3,28,20,39,48,25,42,45,71,55,31,56,50,121,37,36,54,31,55,159,72
mmu-miR-200b,163,53,62,16,91,56,243,205,236,228,220,221,232,235,278,254,401,233,219,245,236,259,929,297
mmu-miR-200c,38,15,13,4,28,17,59,63,44,50,59,68,60,34,64,68,82,49,40,74,39,54,227,89
mmu-miR-201,33,9,13,6,10,13,59,60,35,40,41,57,47,40,42,52,44,25,28,51,37,51,43,62
mmu-miR-202-3p,28,4,10,2,16,15,49,66,30,34,36,51,71,31,59,44,55,42,36,64,49,58,45,73
mmu-miR-202-5p,39,25,18,4,15,17,79,62,54,62,36,75,70,55,66,77,62,65,73,72,81,71,89,73
mmu-miR-203,32,10,13,1,20,15,49,38,35,41,35,67,51,36,46,65,75,40,35,70,57,52,38,56
mmu-miR-204,6880,1560,1930,616,4310,1500,6119,18376,8831,5766,6842,11785,9581,5750,3903,24481,27305,28174,13919,22069,3657,6682,10277,8863
mmu-miR-205,19,10,12,4,15,18,40,52,42,56,42,52,46,39,58,70,59,28,36,67,28,63,96,46
mmu-miR-206,19,3,10,3,15,14,30,55,19,63,47,57,50,45,40,55,41,31,29,38,39,45,40,52
mmu-miR-207,13,5,6,1,6,7,22,26,22,19,19,21,28,18,21,17,27,17,18,19,22,29,15,38
mmu-miR-208a,17,3,6,4,3,3,25,9,12,17,13,15,16,11,16,26,20,17,23,20,22,26,11,20
mmu-miR-208b,4,3,5,1,2,1,18,15,8,3,9,7,22,6,21,13,5,6,7,16,18,13,15,16
mmu-miR-20a+mmu-miR-20b,107,7,25,15,74,46,44,81,24,399,169,285,99,31,88,139,248,87,56,61,48,95,36,177
mmu-miR-21,33,2,9,10,24,28,17,24,16,70,63,82,80,15,53,93,252,50,41,37,21,69,28,100
mmu-miR-210,32,2,8,3,11,23,28,28,16,75,21,56,52,35,33,72,87,34,32,49,22,47,35,40
mmu-miR-211,12,4,5,1,8,4,12,14,5,10,9,19,13,10,12,16,21,8,13,12,17,18,10,19
mmu-miR-212,10,3,3,1,3,1,9,9,10,21,10,14,16,8,13,16,17,8,11,12,12,12,11,19
mmu-miR-2132,7,4,2,1,16,6,8,9,5,18,5,17,10,13,11,15,18,9,10,12,14,6,10,22
mmu-miR-2133,11,3,3,2,8,5,5,17,15,19,15,15,24,23,28,16,18,18,18,16,22,20,14,15
mmu-miR-2134,18,6,5,8,123,51,14,22,16,14,13,68,26,31,18,27,40,28,22,18,17,25,26,29
mmu-miR-2135,26,3,6,2,23,8,16,30,11,20,21,24,27,16,17,34,40,38,18,16,13,67,48,19
mmu-miR-2136,4,2,1,2,4,3,4,11,6,5,10,11,8,4,15,15,11,10,12,17,13,10,14,13
mmu-miR-2137,36,15,10,7,26,13,51,57,28,35,24,61,58,39,42,67,67,46,41,59,31,61,39,68
mmu-miR-2138,21,6,7,2,12,7,41,32,31,22,26,28,43,24,32,39,34,22,23,45,31,39,33,49
mmu-miR-2139,23,7,7,4,7,16,36,44,21,27,27,33,41,32,31,40,46,14,20,41,28,36,30,50
mmu-miR-214,22,5,1,1,12,11,28,37,12,19,28,26,35,19,23,34,34,19,23,28,13,28,29,35
mmu-miR-2140,58,5,22,4,39,24,108,115,52,41,81,100,88,70,75,66,79,44,50,72,44,99,98,72
mmu-miR-2141,430,31,48,31,212,139,428,599,345,431,613,1123,810,276,535,345,936,897,240,294,127,3218,2945,468
mmu-miR-2145,2,4,8,2,6,4,27,37,22,21,23,25,18,17,37,33,42,12,21,31,31,31,31,31
mmu-miR-2146,48,7,11,4,26,12,42,47,32,38,43,81,47,48,58,69,73,63,44,54,39,59,50,63
mmu-miR-216a,18,3,12,8,10,6,40,46,37,41,19,38,40,24,35,51,57,35,29,39,34,35,36,51
mmu-miR-216b,4,1,3,1,1,1,16,10,7,10,9,16,13,19,15,17,17,17,10,12,16,19,13,20
mmu-miR-217,1,2,1,3,1,1,17,7,8,5,10,10,6,8,17,10,16,10,8,17,11,10,11,13
mmu-miR-218,32,1,6,1,24,12,16,29,12,80,68,77,47,16,32,52,157,53,22,40,32,55,37,49
mmu-miR-2182,7,4,2,2,3,4,13,19,10,15,13,13,12,19,17,7,17,12,13,19,24,21,20,16
mmu-miR-2183,95,23,28,7,20,9,95,63,81,68,66,84,56,53,67,108,95,116,69,71,84,126,139,64
mmu-miR-219,16,6,4,2,9,6,16,15,13,22,22,15,27,14,24,20,43,14,20,24,24,28,17,17
mmu-miR-22,145,15,27,18,115,65,82,165,62,621,214,315,243,73,160,264,538,197,155,144,89,174,117,317
mmu-miR-220,11,3,2,1,5,3,7,17,12,16,5,9,7,12,15,8,8,12,14,14,7,18,13,13
mmu-miR-221,20,1,5,1,16,6,17,11,4,25,26,19,16,6,10,31,42,15,14,20,14,20,19,26
mmu-miR-222,6,3,2,1,2,1,6,8,4,10,9,11,11,3,15,17,24,17,11,18,13,14,6,9
mmu-miR-223,43,3,8,6,14,14,14,29,17,81,35,58,35,17,31,34,72,35,26,31,22,32,25,51
mmu-miR-224,21,7,24,7,7,12,52,44,27,40,31,47,46,42,37,59,54,27,25,59,36,31,51,65
mmu-miR-23a,1555,158,395,146,1078,514,725,1729,493,3212,1315,2216,1726,550,1448,1763,3056,1180,835,1356,593,1008,532,2343
mmu-miR-23b,852,88,192,66,548,241,446,807,243,1581,716,1194,922,295,688,1227,1969,893,410,607,381,586,375,1167
mmu-miR-24,106,12,20,9,54,26,42,73,34,158,82,139,113,33,78,156,229,112,65,78,45,97,47,128
mmu-miR-25,99,17,35,9,91,41,82,151,61,251,149,238,177,69,165,203,286,147,114,165,84,122,90,216
mmu-miR-26a,42,4,8,4,18,9,37,56,27,47,32,71,52,25,57,52,81,41,37,63,27,49,34,63
mmu-miR-26b,83,9,22,10,62,43,54,88,44,153,98,152,110,38,85,141,326,101,54,74,46,105,46,178
mmu-miR-27a,214,28,64,27,138,136,124,223,78,574,295,455,275,101,224,350,968,177,144,182,109,227,109,377
mmu-miR-27b,37,9,9,3,24,23,39,47,30,48,41,64,57,29,47,68,108,35,36,43,35,43,39,53
mmu-miR-28,37,8,15,5,22,23,52,62,29,90,47,78,81,35,59,79,95,49,48,78,48,47,38,89
mmu-miR-2861,12,2,5,3,9,4,24,22,18,15,14,23,28,17,24,26,31,17,12,24,26,28,16,34
mmu-miR-290-3p,21,9,7,4,11,12,37,52,29,36,45,66,49,26,49,44,40,34,36,53,47,51,46,45
mmu-miR-290-5p,18,4,4,1,7,9,35,33,30,24,20,31,29,23,36,37,35,28,33,48,41,44,43,44
mmu-miR-291a-3p,15,2,4,2,7,9,23,26,18,27,25,33,29,30,33,39,37,24,33,41,26,31,27,36
mmu-miR-291a-5p,1,1,1,1,1,1,1,1,1,1,1,5,16,11,12,14,13,11,6,11,19,15,2,16
mmu-miR-291b-3p,8,6,4,1,1,2,15,8,11,6,7,6,23,13,21,17,18,14,8,18,20,21,12,13
mmu-miR-291b-5p,8,1,3,1,4,5,7,3,9,10,10,9,11,5,15,12,17,10,7,12,20,19,15,16
mmu-miR-292-3p,6,7,1,1,2,2,15,8,13,20,9,17,11,10,19,7,14,13,16,21,16,20,14,16
mmu-miR-292-5p,5,4,1,2,2,1,9,7,10,7,4,14,11,10,10,11,14,9,5,9,16,9,9,17
mmu-miR-293,8,1,1,1,4,2,8,10,3,23,13,13,17,12,16,6,18,4,13,20,21,21,15,15
mmu-miR-294,7,2,5,3,2,2,19,19,11,12,18,8,16,9,23,14,20,13,14,14,16,22,23,19
mmu-miR-295,1,2,3,1,1,1,5,2,6,1,2,4,2,4,7,2,14,7,8,9,6,10,5,11
mmu-miR-296-3p,4,3,2,1,2,2,7,9,4,5,5,11,8,10,11,11,10,8,13,10,6,6,8,10
mmu-miR-296-5p,10,4,2,1,6,4,12,8,12,23,12,16,20,13,14,22,26,9,12,23,9,13,18,17
mmu-miR-297a+mmu-miR-466f+mmu-miR-669b,25,8,8,6,9,6,37,20,26,15,22,29,28,30,22,32,27,33,40,32,32,40,34,33
mmu-miR-297b-3p,4,2,1,1,1,3,5,5,6,6,3,3,7,7,13,5,10,8,7,7,9,5,8,6
mmu-miR-297b-5p,2,4,2,2,5,4,7,7,6,8,11,5,9,4,5,6,10,9,11,6,6,12,9,10
mmu-miR-297c,20,12,6,2,7,8,35,23,21,21,37,19,35,30,27,40,55,29,25,23,30,37,29,27
mmu-miR-298,1,3,2,1,2,5,10,7,8,9,9,4,5,3,4,10,10,9,9,16,10,13,11,13
mmu-miR-299,5,8,4,2,1,6,9,2,8,14,11,10,21,10,15,9,18,8,10,15,10,17,9,11
mmu-miR-29a,511,41,91,44,368,280,180,338,103,925,515,832,775,172,458,982,2300,626,398,414,183,689,351,881
mmu-miR-29b,97,13,40,14,88,44,51,80,24,191,154,167,159,53,119,153,656,101,91,91,49,219,59,194
mmu-miR-29c,218,6,35,20,146,129,78,160,61,352,237,332,312,94,243,394,1468,230,159,184,101,349,126,343
mmu-miR-300,35,5,11,3,28,10,39,45,25,83,46,83,58,23,47,54,63,43,35,62,24,56,41,68
mmu-miR-301a,30,6,17,6,16,16,31,51,28,74,53,75,76,35,63,74,107,46,41,74,47,53,47,69
mmu-miR-301b,23,5,9,2,24,14,27,30,18,81,42,64,54,27,52,51,105,35,37,31,37,57,28,52
mmu-miR-302a,7,2,4,1,2,2,10,9,5,7,6,4,6,7,15,19,13,9,9,15,15,11,8,9
mmu-miR-302b,5,4,4,1,4,6,13,12,8,16,12,19,16,16,18,15,16,13,6,16,13,12,11,14
mmu-miR-302c,3,1,2,1,1,3,6,1,12,3,5,1,9,7,10,5,6,3,6,11,9,9,6,9
mmu-miR-302d,14,3,4,2,3,1,25,19,24,19,13,23,25,28,32,22,23,23,24,27,24,26,32,19
mmu-miR-3072,5,1,3,1,1,1,7,6,6,5,4,11,4,6,10,7,7,2,8,7,12,8,9,8
mmu-miR-3099,5,1,1,1,3,1,8,5,6,5,4,4,6,13,3,10,8,11,9,10,14,6,13,5
mmu-miR-30a,345,28,84,24,246,104,123,265,72,778,316,599,500,112,316,440,1072,323,247,253,128,337,104,550
mmu-miR-30b,149,23,30,9,77,28,102,119,93,159,105,154,170,93,170,248,538,167,99,122,102,165,154,160
mmu-miR-30c,659,83,198,62,500,331,427,909,316,1676,734,1165,928,311,955,1138,2183,705,452,783,334,794,551,1147
mmu-miR-30d,426,34,81,32,281,87,215,338,91,716,345,622,517,174,356,513,892,372,256,290,150,290,146,460
mmu-miR-30e,34,10,10,5,17,23,39,50,35,61,49,59,62,27,39,50,84,38,33,49,40,47,35,63
mmu-miR-31,28,7,11,6,12,12,43,35,21,33,25,40,42,33,27,53,54,19,32,48,28,39,28,59
mmu-miR-32,16,10,15,2,10,6,35,42,35,33,19,31,27,18,36,38,60,24,16,49,36,33,32,49
mmu-miR-320,24,8,8,6,14,7,31,36,31,49,41,55,36,29,43,39,43,21,30,43,40,29,30,56
mmu-miR-322,26,6,10,5,14,9,23,49,41,51,33,70,49,27,51,45,90,28,37,45,33,53,39,56
mmu-miR-323-3p,19,6,8,3,8,6,32,34,21,34,28,38,43,25,37,60,55,41,30,42,31,38,34,34
mmu-miR-323-5p,25,3,15,1,6,10,29,39,33,29,45,54,50,28,49,46,46,34,23,46,31,48,37,39
mmu-miR-324-3p,5,1,3,2,3,1,9,8,4,6,6,7,7,8,13,8,8,9,14,15,10,4,14,13
mmu-miR-324-5p,15,4,3,2,7,6,25,16,15,33,21,33,23,18,25,52,42,31,22,33,27,28,30,21
mmu-miR-325,8,4,4,1,4,4,7,6,10,5,6,15,12,6,11,13,13,11,12,9,11,10,16,7
mmu-miR-326,31,7,8,3,32,10,19,29,15,63,37,49,50,27,25,63,70,36,35,49,32,45,31,43
mmu-miR-327,4,2,2,2,2,2,4,9,6,9,7,4,9,7,8,9,7,6,17,6,7,15,14,8
mmu-miR-328,51,8,18,5,32,16,37,58,35,61,42,79,78,57,72,159,132,74,64,83,36,103,76,61
mmu-miR-329,37,7,7,2,19,7,16,31,15,83,29,62,30,19,28,56,58,26,29,26,18,25,33,47
mmu-miR-33,21,9,7,9,11,10,41,45,26,31,30,48,47,25,39,42,41,41,29,53,22,41,38,46
mmu-miR-330,25,6,9,2,10,15,48,49,34,35,38,44,48,35,34,49,38,30,25,38,41,39,41,52
mmu-miR-331-3p,48,4,12,4,18,24,54,74,28,68,36,70,60,52,45,101,87,44,30,63,37,55,39,75
mmu-miR-331-5p,30,8,9,3,12,10,44,55,21,41,36,50,46,28,48,54,53,38,36,48,38,42,34,70
mmu-miR-335-3p,23,5,11,5,13,12,46,55,31,33,28,39,41,31,27,52,43,37,32,55,36,30,40,46
mmu-miR-335-5p,31,16,10,2,16,12,33,59,38,43,45,67,59,31,63,67,107,49,53,71,51,49,33,82
mmu-miR-337-3p,14,4,6,5,15,5,27,47,25,32,37,20,30,22,38,34,35,22,21,41,26,31,25,43
mmu-miR-337-5p,23,7,7,3,4,7,28,33,29,27,11,43,29,28,32,31,27,31,36,33,34,29,36,34
mmu-miR-338-3p,41,8,9,4,25,14,27,37,20,69,74,72,57,27,47,45,92,37,23,49,37,68,31,67
mmu-miR-338-5p,30,8,12,1,9,10,48,49,40,35,29,47,50,36,44,54,58,47,40,55,48,48,42,49
mmu-miR-339-3p,5,6,2,1,1,4,22,11,4,15,15,10,24,9,18,12,16,7,11,17,23,19,26,13
mmu-miR-339-5p,7,3,1,1,5,1,10,3,5,4,7,11,5,4,11,11,10,6,7,12,8,9,10,12
mmu-miR-340-3p,11,3,3,3,7,6,26,14,17,15,20,23,25,9,28,31,32,17,17,26,19,20,27,23
mmu-miR-340-5p,8,4,7,1,8,8,18,12,14,18,22,26,20,12,19,32,70,22,32,11,20,27,17,37
mmu-miR-341,6,2,4,1,1,2,6,4,9,8,9,8,6,6,15,9,14,7,10,12,8,13,12,7
mmu-miR-342-3p,93,16,21,11,75,32,50,87,47,210,101,169,110,32,84,174,237,123,81,93,59,77,83,99
mmu-miR-342-5p,8,2,2,1,5,4,10,14,12,21,17,20,21,6,16,19,22,17,9,27,11,20,18,21
mmu-miR-343,7,3,4,1,5,2,6,5,7,10,8,7,6,5,13,9,6,7,13,21,16,12,14,17
mmu-miR-344,6,2,2,1,4,2,6,7,7,8,3,4,13,3,10,9,11,10,13,7,11,10,6,6
mmu-miR-345-3p,10,2,4,2,9,3,14,11,18,11,20,23,14,21,24,15,13,13,13,17,18,15,17,18
mmu-miR-345-5p,33,11,13,2,14,7,48,51,28,58,37,65,55,35,39,74,77,47,32,51,31,51,42,69
mmu-miR-346,25,6,11,3,19,8,41,45,30,22,29,51,44,30,38,46,44,17,33,59,33,45,31,56
mmu-miR-3470a+mmu-miR-3470b,36,8,9,2,12,8,40,50,35,35,37,48,61,35,41,67,36,36,37,46,38,50,41,50
mmu-miR-3471,27,12,17,3,13,10,79,43,43,95,41,76,62,39,39,44,50,51,40,69,66,43,37,51
mmu-miR-3472,31,6,8,3,9,13,40,51,26,31,32,41,45,31,42,37,55,29,26,60,42,51,28,52
mmu-miR-3473,15,16,11,4,13,13,29,41,27,20,23,36,33,26,34,37,48,28,31,20,38,40,31,40
mmu-miR-3474,13,11,5,1,6,4,33,34,28,25,19,27,37,32,40,35,39,16,28,35,29,44,24,45
mmu-miR-3475,20,9,11,3,5,8,29,34,35,31,34,42,35,26,22,46,45,22,23,45,45,40,39,41
mmu-miR-34a,18,7,8,1,11,9,24,41,27,41,32,44,41,30,32,44,48,32,30,35,34,50,30,54
mmu-miR-34b-3p,44,11,15,6,14,13,53,64,39,66,48,68,57,43,63,114,129,75,42,69,52,62,63,89
mmu-miR-34b-5p,28,8,5,3,10,15,32,34,19,52,37,33,52,25,37,60,93,37,29,40,23,40,29,62
mmu-miR-34c,2031,855,730,127,807,372,2334,2360,2285,1122,1236,2190,2559,2158,1763,4031,3683,3300,1588,1408,1639,2928,2895,1761
mmu-miR-350,36,4,11,6,22,9,24,41,16,70,40,57,41,19,39,43,101,40,25,37,22,33,28,57
mmu-miR-351,7,2,4,1,2,3,15,12,7,13,8,16,15,8,16,15,14,9,19,17,21,21,11,21
mmu-miR-361,35,8,9,3,17,9,14,33,13,42,25,49,40,23,46,66,80,61,32,39,25,46,36,49
mmu-miR-362-3p,3,3,1,2,3,1,6,5,3,1,7,5,9,7,10,10,15,6,7,5,5,6,7,12
mmu-miR-362-5p,4,1,1,1,1,1,4,3,6,7,5,2,10,4,10,12,10,7,2,13,10,5,10,10
mmu-miR-363,2,2,1,1,2,1,6,5,5,2,3,5,4,2,9,3,6,4,7,4,6,4,8,5
mmu-miR-365,109,14,22,4,52,19,50,104,30,93,52,103,94,51,79,101,183,62,67,100,40,60,50,153
mmu-miR-367,33,5,18,3,14,15,50,53,42,43,52,71,51,32,59,76,76,47,41,63,42,54,44,78
mmu-miR-369-3p,28,6,11,4,21,13,45,62,27,47,55,70,65,26,44,71,82,38,32,58,43,45,44,66
mmu-miR-369-5p,17,6,6,4,6,9,47,32,12,21,27,44,45,25,26,36,33,21,9,44,26,27,18,46
mmu-miR-370,16,8,4,1,10,8,28,37,25,21,37,40,28,18,23,43,51,29,25,41,30,37,28,47
mmu-miR-374,28,10,7,3,15,12,42,50,33,54,29,49,44,32,49,55,67,42,47,59,46,49,35,52
mmu-miR-375,40,6,6,3,16,9,29,43,26,73,38,47,53,11,36,37,53,56,21,34,24,32,45,85
mmu-miR-376a,51,19,19,1,22,16,66,43,60,66,69,67,62,71,70,111,103,96,76,58,91,82,91,48
mmu-miR-376b,20,7,6,1,8,5,38,17,17,31,14,34,29,25,24,38,63,22,25,27,27,34,22,18
mmu-miR-376c,7,2,3,1,9,10,11,9,8,29,10,15,8,7,22,21,38,17,12,14,16,11,17,22
mmu-miR-377,67,19,28,9,31,15,101,76,81,66,61,73,78,70,77,112,121,92,66,113,72,110,108,74
mmu-miR-378,177,28,38,20,109,90,134,212,104,546,172,346,193,109,158,284,446,162,138,184,121,240,136,264
mmu-miR-379,5,3,2,1,4,6,7,6,9,10,6,13,14,5,17,15,18,14,15,10,10,15,17,9
mmu-miR-380-3p,2,5,1,1,1,2,20,14,16,15,9,14,15,10,16,23,13,5,10,14,9,15,14,14
mmu-miR-380-5p,32,3,5,3,9,9,34,36,32,29,19,41,42,29,46,43,28,23,23,44,30,44,29,52
mmu-miR-381,21,4,7,3,8,11,42,32,24,36,33,48,45,21,25,42,58,22,30,40,29,43,35,49
mmu-miR-382,51,5,20,8,45,22,56,62,28,152,108,136,89,36,59,103,139,86,45,85,54,86,83,119
mmu-miR-383,18,6,3,1,9,7,25,17,24,21,15,23,24,17,26,29,23,22,17,25,34,27,27,33
mmu-miR-384-3p,24,9,4,3,7,6,48,40,35,27,28,56,42,32,51,51,56,39,37,35,45,40,37,37
mmu-miR-384-5p,9,4,1,3,4,2,6,12,13,10,10,11,13,9,16,18,25,18,11,17,14,13,8,18
mmu-miR-409-3p,3,5,3,1,4,4,9,13,13,9,9,7,13,11,15,15,13,11,16,14,21,10,14,17
mmu-miR-409-5p,7,3,6,1,7,2,10,12,10,9,15,14,15,9,21,16,31,17,14,16,13,23,12,23
mmu-miR-410,9,7,4,3,12,8,20,16,11,29,20,21,30,16,21,42,46,24,17,16,19,23,16,14
mmu-miR-411,4,1,1,1,5,3,10,13,13,12,8,6,13,11,16,14,16,12,7,11,16,18,9,19
mmu-miR-412,23,4,13,5,7,7,28,32,22,25,19,24,28,19,20,37,28,14,10,32,32,24,27,31
mmu-miR-421,33,8,12,6,4,14,45,50,26,39,34,52,54,33,40,49,47,34,34,56,42,55,37,69
mmu-miR-423-3p,65,14,10,3,21,25,53,60,37,66,39,71,66,55,55,134,120,58,48,73,47,60,45,73
mmu-miR-423-5p,43,9,16,3,20,20,30,49,39,56,43,43,46,46,48,78,85,35,41,60,36,61,31,68
mmu-miR-425,42,8,11,8,22,16,35,60,34,73,45,80,53,40,51,74,97,64,37,60,52,56,45,61
mmu-miR-429,65,6,9,1,45,16,18,8,16,35,41,53,27,24,39,46,200,42,22,19,11,42,320,56
mmu-miR-431,32,9,14,4,10,7,37,55,29,47,40,62,66,41,39,50,50,23,42,60,31,37,40,78
mmu-miR-432,28,12,9,4,19,11,42,55,25,32,32,41,52,20,46,49,43,32,25,42,40,44,35,57
mmu-miR-433,93,21,31,23,51,25,99,125,73,205,148,191,154,82,116,205,211,154,89,174,89,134,130,165
mmu-miR-434-3p,108,26,40,13,92,56,103,151,71,166,103,201,211,79,150,327,434,207,137,227,96,204,175,186
mmu-miR-434-5p,21,11,8,1,10,9,36,40,30,37,29,49,43,26,52,53,46,24,30,52,30,42,27,51
mmu-miR-448,21,4,8,2,11,9,43,46,25,40,40,58,49,30,40,58,67,45,35,56,37,38,38,55
mmu-miR-449a,15,5,8,3,8,9,20,34,22,20,15,32,39,17,27,27,24,18,27,31,40,28,25,33
mmu-miR-449b,7,2,3,3,2,7,20,7,8,14,8,9,24,11,28,17,12,15,17,20,10,18,14,11
mmu-miR-449c,8,6,1,1,5,1,14,10,6,5,10,6,7,3,16,8,11,10,9,11,10,9,8,15
mmu-miR-450a-3p,8,3,1,4,4,4,13,5,7,10,4,5,12,12,16,8,9,5,13,16,16,15,14,17
mmu-miR-450a-5p,9,2,1,2,7,5,12,13,8,21,20,31,24,12,26,28,45,14,19,14,21,20,18,24
mmu-miR-450b-3p,5,3,3,1,1,1,11,4,4,9,9,9,8,9,12,15,11,1,12,11,6,14,11,10
mmu-miR-450b-5p,7,3,2,1,3,3,8,11,8,11,9,9,14,13,9,17,15,12,10,19,12,15,17,17
mmu-miR-451,103,7,21,3,86,63,47,55,29,223,153,257,222,38,86,143,546,98,49,66,42,78,52,160
mmu-miR-452,5,2,3,1,4,7,3,12,9,11,7,9,9,12,9,11,7,12,10,16,13,11,14,4
mmu-miR-453,4,3,2,1,4,1,5,8,4,2,8,5,7,9,11,9,5,4,10,13,14,11,11,4
mmu-miR-455,17,5,5,5,10,4,27,25,23,22,23,36,31,27,30,41,36,20,21,32,24,24,29,43
mmu-miR-463,25,5,11,4,10,7,43,38,29,26,23,42,41,24,41,49,38,19,24,53,29,34,37,55
mmu-miR-464,20,2,5,5,7,7,37,32,23,20,32,37,36,18,33,30,32,23,34,36,26,44,25,36
mmu-miR-465a-3p,19,9,8,1,14,5,30,27,23,21,27,35,45,39,32,41,30,17,28,34,43,42,39,42
mmu-miR-465a-5p,2,2,2,1,5,2,20,10,8,6,16,5,14,10,20,13,12,12,8,14,12,15,11,10
mmu-miR-465b-5p,10,1,5,1,6,5,16,12,10,11,5,9,16,12,15,16,13,12,11,19,13,21,13,23
mmu-miR-465c-5p,15,9,7,3,3,6,30,15,18,15,24,13,23,11,23,21,23,15,23,14,22,10,18,20
mmu-miR-466a-3p+mmu-miR-466b-3-3p,7,2,6,2,3,1,10,12,10,10,7,8,10,11,13,16,13,12,11,15,16,18,9,12
mmu-miR-466a-5p+mmu-miR-466e-5p,9,8,3,2,3,2,14,13,5,14,8,14,14,10,13,17,10,11,11,13,14,19,13,15
mmu-miR-466c-5p,22,8,9,3,8,2,38,27,23,18,17,39,32,23,32,43,36,22,23,40,23,29,34,41
mmu-miR-466d-3p,42,17,13,4,10,13,57,57,43,44,57,47,50,40,56,66,65,37,40,66,37,57,51,72
mmu-miR-466d-5p,18,7,9,6,10,6,50,50,32,27,23,40,41,34,45,46,37,31,28,52,35,46,40,54
mmu-miR-466f-5p,7,4,5,1,7,2,13,8,11,12,7,7,13,16,24,12,16,12,12,14,23,13,20,12
mmu-miR-466g,316,142,114,30,99,54,536,354,476,297,295,497,444,486,390,501,514,528,390,514,460,379,626,335
mmu-miR-466h,9,4,6,1,3,1,16,9,9,8,9,10,19,9,25,11,13,7,16,12,23,19,13,13
mmu-miR-466i,11,4,7,1,3,2,15,15,11,12,6,7,9,6,14,19,14,20,8,16,13,9,19,13
mmu-miR-466j,4,5,1,1,3,2,7,10,14,8,8,4,3,13,10,8,11,7,11,10,8,12,17,11
mmu-miR-466k,31,6,15,3,10,12,44,52,32,42,36,46,59,36,44,54,44,42,18,68,37,47,40,72
mmu-miR-466l,19,9,5,1,11,3,38,28,21,20,21,34,15,18,22,36,37,19,20,39,24,29,24,39
mmu-miR-467a,17,6,11,2,9,5,25,31,18,28,26,33,33,29,39,45,42,16,26,39,39,33,29,37
mmu-miR-467b,16,6,3,2,4,4,25,19,18,17,20,21,27,15,29,19,15,25,29,30,35,27,32,24
mmu-miR-467c,18,7,1,1,3,5,23,13,12,19,16,15,25,24,20,22,25,13,21,19,21,21,21,23
mmu-miR-467d,7,4,2,1,3,2,7,12,9,7,10,9,11,9,18,12,17,13,10,11,14,18,13,16
mmu-miR-467e,30,11,13,2,16,12,57,58,32,43,37,52,49,38,39,60,53,35,38,60,43,47,44,72
mmu-miR-467f,124,37,26,10,34,18,147,117,112,97,73,155,111,133,111,158,123,121,88,198,177,76,194,121
mmu-miR-467g,22,4,4,2,5,7,28,39,27,24,27,23,27,26,28,26,27,29,22,37,27,26,26,42
mmu-miR-467h+mmu-miR-669d+mmu-miR-669l,21,9,8,5,17,8,53,35,35,26,39,42,35,29,36,48,50,33,32,39,41,36,38,40
mmu-miR-468,20,12,7,7,13,13,42,53,36,37,36,44,54,46,42,57,62,40,43,51,52,45,54,58
mmu-miR-469,7,3,1,1,2,1,19,5,13,5,10,5,16,8,23,18,8,18,16,16,13,11,11,13
mmu-miR-470,3,1,5,1,1,1,4,4,2,3,6,6,7,5,11,8,6,5,6,6,3,7,8,6
mmu-miR-471,7,4,2,1,1,3,6,10,6,7,8,5,13,10,16,12,9,6,12,14,11,9,17,4
mmu-miR-483,11,8,12,5,7,13,40,49,28,26,25,41,36,26,41,38,45,24,36,50,40,30,31,59
mmu-miR-484,39,11,17,3,15,18,52,54,37,44,37,57,69,39,36,75,73,42,40,55,38,56,52,77
mmu-miR-485,24,6,6,3,12,14,29,33,22,39,27,38,45,33,43,38,40,26,20,47,28,38,37,40
mmu-miR-486,82,7,25,10,55,17,59,103,29,164,101,136,120,50,54,143,156,78,51,76,44,91,62,148
mmu-miR-487b,13,5,4,1,5,2,4,10,12,25,19,26,16,8,15,20,24,21,21,20,9,24,19,20
mmu-miR-488,9,1,5,2,2,4,10,5,9,12,9,12,5,10,9,10,16,11,20,10,16,12,11,20
mmu-miR-489,17,3,4,1,2,4,14,7,12,9,13,11,20,8,17,13,21,15,10,6,19,24,19,14
mmu-miR-490,40,10,14,2,18,5,58,54,29,45,42,35,46,42,57,52,52,32,37,68,38,40,34,77
mmu-miR-491,25,6,7,2,5,3,31,38,14,19,18,38,40,27,31,42,46,15,18,47,26,32,20,41
mmu-miR-493,21,5,8,3,9,5,39,41,21,34,21,44,36,26,37,37,43,31,35,42,37,41,28,44
mmu-miR-494,4,1,1,1,3,3,6,1,7,3,7,3,10,2,7,9,23,16,11,5,13,14,11,6
mmu-miR-495,16,2,7,2,16,5,6,8,1,36,18,42,21,10,25,41,45,35,10,19,13,17,14,24
mmu-miR-496,2,3,2,1,1,1,4,9,10,4,4,11,12,4,14,9,10,12,9,6,11,12,12,11
mmu-miR-497,22,4,11,2,9,12,27,24,19,41,41,49,28,26,32,36,52,28,17,45,39,35,29,44
mmu-miR-499,9,7,2,3,7,3,19,7,16,18,22,16,21,14,18,13,24,14,19,29,19,29,17,21
mmu-miR-500,6,1,3,2,3,2,8,8,7,17,10,9,12,7,13,15,16,11,13,11,8,11,9,11
mmu-miR-501-3p,7,3,1,1,3,1,9,4,4,7,8,8,11,10,11,13,14,6,16,8,3,8,16,13
mmu-miR-501-5p,15,7,12,1,7,5,37,52,24,33,39,41,45,35,41,37,58,38,32,60,48,41,38,52
mmu-miR-503,8,3,1,2,2,1,9,9,10,12,15,7,12,15,22,18,18,19,8,21,18,18,30,18
mmu-miR-504,11,3,3,1,5,3,7,18,16,11,6,13,9,5,18,16,10,17,12,17,23,17,15,17
mmu-miR-505,21,8,7,2,9,12,20,35,21,24,20,31,40,20,17,44,24,31,14,31,30,26,27,47
mmu-miR-509-3p,8,4,3,1,5,1,13,5,13,15,20,16,15,17,20,14,11,11,23,27,19,13,20,11
mmu-miR-509-5p,19,6,7,4,8,11,27,45,25,28,33,43,50,31,33,44,37,23,22,46,38,42,29,40
mmu-miR-511,14,9,8,2,10,4,32,14,19,24,19,16,27,19,34,20,36,15,38,35,37,44,26,20
mmu-miR-532-3p,9,1,1,1,4,5,21,7,11,12,16,13,25,15,20,28,34,20,19,23,20,18,25,15
mmu-miR-532-5p,23,16,10,5,12,10,33,29,29,49,34,41,35,22,49,39,61,29,52,60,45,72,57,48
mmu-miR-539,50,12,10,1,18,11,67,73,46,57,46,59,65,64,49,66,62,49,47,61,39,56,58,90
mmu-miR-540-3p,6,1,1,1,2,1,6,4,7,4,4,3,7,3,7,8,10,7,4,3,8,10,9,7
mmu-miR-540-5p,11,1,4,1,1,1,20,8,11,12,11,13,15,18,23,14,19,10,15,27,15,18,24,14
mmu-miR-541,33,12,11,3,19,14,52,51,27,41,37,47,59,30,48,65,53,33,28,58,39,48,50,74
mmu-miR-542-3p,31,3,9,2,8,5,44,35,20,22,19,33,36,24,32,37,29,23,31,46,18,34,36,36
mmu-miR-542-5p,21,6,4,4,10,12,38,41,28,41,36,55,41,32,39,56,33,37,32,46,35,41,31,49
mmu-miR-543,24,9,1,1,38,1,1,30,1,56,15,33,1,1,1,15,45,1,1,1,1,1,7,7
mmu-miR-544,12,4,3,1,3,3,15,3,13,8,6,10,17,4,19,12,15,15,13,11,14,16,18,12
mmu-miR-546,5,1,1,1,2,4,8,5,9,7,6,7,11,12,8,15,13,9,12,13,12,10,12,9
mmu-miR-547,14,4,3,2,6,5,34,25,26,29,18,18,31,29,24,30,38,31,33,26,38,30,31,26
mmu-miR-551b,16,4,9,5,8,6,30,31,19,32,28,37,30,32,29,25,33,17,17,31,27,33,32,34
mmu-miR-568,15,2,2,3,4,3,14,20,11,11,12,17,19,16,28,18,22,16,27,23,21,15,26,17
mmu-miR-574-3p,55,15,15,2,20,19,50,57,44,48,45,57,90,44,57,103,120,50,52,70,41,61,48,85
mmu-miR-574-5p,54,15,23,8,25,11,53,65,51,58,62,75,58,52,57,123,114,72,57,46,59,65,76,68
mmu-miR-582-3p,3,3,2,2,5,1,7,4,9,6,8,3,5,4,8,6,13,7,6,5,9,12,4,13
mmu-miR-582-5p,7,2,3,1,1,7,7,7,14,15,7,16,10,2,13,8,20,11,9,22,12,17,5,13
mmu-miR-590-3p,2,1,2,1,2,1,13,4,7,6,6,7,10,5,17,5,13,6,10,15,19,14,16,12
mmu-miR-590-5p,13,11,13,3,16,7,31,39,22,30,31,42,43,30,32,42,49,23,23,53,40,39,34,48
mmu-miR-592,12,4,2,2,3,4,24,17,14,34,25,23,33,12,45,19,28,22,24,33,29,27,18,28
mmu-miR-599,6,4,2,1,1,4,15,11,8,9,11,7,11,10,23,18,15,14,17,12,14,12,18,9
mmu-miR-615-3p,1,2,1,1,1,1,6,5,5,6,6,5,6,5,16,7,8,8,8,10,13,13,7,11
mmu-miR-615-5p,5,1,2,1,1,1,7,5,4,4,3,4,8,9,10,8,5,3,6,5,9,9,9,7
mmu-miR-652,41,5,8,5,31,17,39,60,28,83,48,86,70,33,49,73,84,46,46,63,49,59,53,65
mmu-miR-653,16,6,2,1,1,5,16,27,18,10,11,15,19,17,26,15,17,21,19,18,21,18,32,26
mmu-miR-654-3p,14,4,11,3,8,18,47,35,17,25,20,41,26,33,27,45,44,19,21,34,27,29,25,44
mmu-miR-654-5p,2,2,2,1,1,3,12,9,8,5,9,10,10,7,13,6,10,9,17,11,12,10,10,5
mmu-miR-664,23,8,4,1,17,11,20,26,18,24,20,27,28,23,26,45,26,30,28,33,34,28,41,17
mmu-miR-665,29,4,15,2,8,10,37,39,25,24,26,41,35,16,25,42,40,33,26,39,30,31,28,42
mmu-miR-666-3p,17,8,9,3,14,6,28,46,25,24,34,39,40,25,36,39,40,16,34,39,25,27,28,48
mmu-miR-666-5p,5,1,1,4,1,1,6,3,4,9,7,15,11,7,18,8,6,6,10,15,15,9,11,8
mmu-miR-667,23,8,11,4,22,11,21,24,20,49,36,49,42,16,44,54,47,16,33,50,31,41,37,41
mmu-miR-668,14,3,5,3,4,4,20,31,15,14,20,29,27,19,32,34,26,17,20,20,33,18,18,20
mmu-miR-669a,23,7,5,6,10,11,60,43,35,44,44,55,57,32,51,62,57,34,20,66,32,30,34,64
mmu-miR-669e,20,5,7,1,8,9,36,32,17,15,22,33,31,27,41,27,25,20,32,36,20,33,32,33
mmu-miR-669f,14,8,7,3,8,11,30,18,34,25,18,19,26,30,32,51,45,35,21,36,31,34,27,27
mmu-miR-669g,18,3,3,1,5,3,33,22,24,22,22,33,39,27,27,35,35,16,19,31,43,38,34,43
mmu-miR-669h-5p,4,2,1,1,1,4,15,2,17,17,3,14,12,9,24,12,16,10,19,30,19,15,22,12
mmu-miR-669i,19,3,12,5,6,10,40,42,15,24,25,42,33,27,42,43,32,22,34,37,37,36,28,36
mmu-miR-669j,23,12,10,4,10,7,37,40,32,24,25,25,36,26,36,39,36,22,35,35,28,23,39,36
mmu-miR-669m,6,1,1,1,4,1,7,4,4,6,3,5,5,5,10,13,3,3,3,3,8,7,7,7
mmu-miR-669o,9,4,3,1,6,2,15,11,17,15,11,15,18,14,16,16,19,16,10,16,12,15,14,21
mmu-miR-670,19,6,6,5,10,9,29,43,33,35,38,29,49,29,40,39,41,30,33,46,57,31,42,44
mmu-miR-671-3p,28,7,11,1,8,9,40,51,21,25,32,40,33,38,39,30,35,24,21,40,29,38,35,60
mmu-miR-671-5p,2,1,1,1,2,1,6,5,6,3,2,3,7,5,10,10,9,7,12,8,5,6,7,10
mmu-miR-672,30,7,12,2,6,14,36,37,35,33,30,33,48,24,43,56,54,26,38,44,23,28,32,73
mmu-miR-673-3p,5,4,2,1,3,5,8,11,8,4,10,8,18,10,14,14,17,17,15,15,19,19,17,12
mmu-miR-673-5p,2,2,1,1,1,2,5,12,7,13,7,10,10,7,16,23,8,11,10,8,14,9,9,11
mmu-miR-674,27,10,10,2,10,11,31,47,26,60,39,51,59,37,44,53,45,19,39,52,45,49,43,52
mmu-miR-675-3p,4,1,1,1,1,3,7,5,8,7,9,4,8,6,16,7,8,9,8,11,12,8,12,7
mmu-miR-675-5p,24,4,11,1,7,12,45,34,25,29,33,46,32,39,33,49,41,16,24,34,30,31,27,47
mmu-miR-676,15,8,3,2,17,9,27,41,25,35,20,40,42,33,28,42,44,29,30,32,32,31,37,60
mmu-miR-677,6,4,1,1,1,2,16,6,8,5,7,7,6,11,18,13,8,7,10,15,14,16,20,9
mmu-miR-678,29,6,2,1,5,6,33,38,25,23,27,39,38,28,29,52,51,30,27,52,26,35,28,42
mmu-miR-679,2,1,1,1,2,3,7,5,8,8,8,9,3,5,9,4,13,13,9,10,9,14,10,7
mmu-miR-680,3,2,1,1,2,1,4,7,9,9,7,6,12,6,10,8,9,9,7,8,10,6,7,6
mmu-miR-681,8,4,6,1,2,1,22,15,10,9,10,16,11,13,24,6,11,17,12,18,11,14,21,11
mmu-miR-682,18,12,6,2,4,9,30,22,31,20,27,35,39,24,27,38,37,19,28,48,36,32,33,52
mmu-miR-683,22,7,6,7,12,6,35,43,33,28,29,42,40,36,40,46,39,29,32,40,26,33,34,46
mmu-miR-684,17,5,5,2,9,2,32,30,13,31,19,26,27,26,27,28,25,19,26,25,34,28,23,29
mmu-miR-686,9,1,5,1,3,4,13,7,10,9,8,8,19,10,18,18,17,9,19,15,12,19,18,15
mmu-miR-687,5,3,4,2,3,2,19,14,8,8,13,7,16,10,26,10,17,11,17,20,19,24,17,15
mmu-miR-688,30,6,12,2,8,19,30,40,24,37,35,45,50,27,54,41,35,36,34,52,46,38,43,38
mmu-miR-689,5,1,3,1,4,1,9,7,5,5,7,6,14,6,15,11,9,8,5,12,11,4,7,13
mmu-miR-690,76,12,19,7,26,19,46,97,40,96,38,87,153,107,131,207,311,126,52,100,62,278,97,138
mmu-miR-691,12,4,3,1,5,3,18,12,8,12,14,9,12,17,20,12,24,13,14,18,14,26,21,23
mmu-miR-692,7,6,2,1,3,2,13,8,5,8,9,9,13,6,12,9,10,10,11,13,25,14,12,12
mmu-miR-693-3p,7,4,2,1,2,1,11,7,5,13,10,7,15,9,15,10,6,10,14,12,12,14,16,10
mmu-miR-693-5p,5,1,2,1,1,1,3,1,6,7,4,7,8,6,10,7,9,8,10,9,9,7,9,6
mmu-miR-694,14,10,5,1,10,6,23,27,29,15,19,26,27,33,38,25,36,21,28,33,26,26,25,33
mmu-miR-695,34,15,12,5,18,8,40,39,49,50,40,57,58,45,70,65,49,26,47,77,56,65,75,77
mmu-miR-696,12,4,2,1,1,2,23,10,10,11,16,9,12,17,19,11,19,9,15,16,14,18,20,20
mmu-miR-697,8,6,5,1,2,2,22,16,15,10,17,15,8,9,29,13,11,11,8,24,17,28,18,18
mmu-miR-698,5,2,4,1,2,1,9,5,9,3,4,10,17,8,16,8,8,13,9,13,12,11,13,8
mmu-miR-700,2,1,1,1,3,1,4,8,5,5,4,3,3,5,6,7,8,5,2,7,4,7,8,8
mmu-miR-701,25,5,9,3,7,13,35,32,25,27,31,42,54,26,28,47,43,28,25,42,24,40,28,51
mmu-miR-702,5,1,2,4,2,1,13,10,16,16,15,20,20,15,25,28,19,19,20,18,20,16,25,20
mmu-miR-703,16,2,6,2,5,4,19,14,17,15,14,17,21,13,21,18,28,30,21,24,17,19,27,26
mmu-miR-704,8,9,4,1,3,4,32,27,18,16,17,21,21,14,29,23,27,17,32,26,27,25,27,26
mmu-miR-706,21,4,14,5,8,4,38,31,34,26,25,48,42,29,44,42,49,44,25,52,41,29,50,42
mmu-miR-707,3,2,1,1,1,6,7,8,8,17,17,12,9,10,19,9,11,11,15,13,23,18,10,19
mmu-miR-708,23,7,7,3,6,3,18,41,34,25,36,40,41,36,35,53,37,33,22,49,30,28,34,32
mmu-miR-709,50,12,8,3,17,13,52,69,38,44,53,63,55,41,71,65,55,42,36,66,38,78,50,73
mmu-miR-710,33,14,13,3,10,11,53,67,32,42,49,57,49,33,44,66,67,42,29,49,37,40,36,54
mmu-miR-711,3,1,1,1,1,1,5,4,8,4,7,9,4,6,9,4,3,5,6,7,12,8,3,6
mmu-miR-712,13,3,4,1,4,7,18,18,10,16,17,20,9,19,25,25,32,22,25,27,27,28,25,22
mmu-miR-713,7,3,1,1,4,1,12,13,11,12,10,4,15,9,13,9,16,9,17,14,11,17,16,12
mmu-miR-714,26,2,9,5,16,12,40,45,21,35,42,48,56,39,36,43,50,33,19,50,37,35,36,51
mmu-miR-715,4,1,1,1,1,1,11,5,6,8,8,8,10,6,17,13,8,8,3,7,9,8,12,14
mmu-miR-717,18,5,6,5,12,9,36,45,23,37,29,47,42,29,42,49,50,34,31,50,47,52,39,64
mmu-miR-718,5,1,5,1,5,6,16,14,13,14,15,9,20,17,23,15,15,15,12,19,21,21,15,28
mmu-miR-719,2,4,5,1,3,2,10,8,8,6,5,13,7,13,11,12,10,9,14,10,22,15,12,12
mmu-miR-720,815,40,260,41,351,288,337,529,201,1522,826,3798,902,520,735,488,1451,526,519,530,205,563,352,923
mmu-miR-741,16,5,19,6,16,11,42,45,22,28,27,53,49,43,37,37,44,29,24,37,37,34,27,49
mmu-miR-742,33,5,14,5,14,8,34,27,26,38,30,38,43,29,41,40,55,28,36,42,42,45,34,45
mmu-miR-743a,2,1,1,1,1,1,3,9,8,8,11,3,10,11,15,10,16,8,12,5,16,8,13,9
mmu-miR-743b-3p,9,5,5,1,7,4,10,16,13,6,8,9,8,11,24,19,16,12,8,20,13,18,13,19
mmu-miR-743b-5p,5,1,1,1,1,1,6,3,5,4,4,8,9,9,10,5,10,4,8,9,12,14,8,11
mmu-miR-744,1,1,1,1,1,1,8,8,7,8,5,8,10,6,9,11,6,5,8,14,7,11,5,8
mmu-miR-758,9,1,2,2,1,1,11,9,17,6,12,11,13,11,17,10,20,12,14,16,27,16,21,15
mmu-miR-759,10,4,4,2,7,10,22,33,24,23,25,17,20,24,33,32,32,20,26,31,23,27,18,31
mmu-miR-760,26,9,7,2,17,12,36,54,40,38,42,39,36,30,47,47,51,25,30,57,37,36,40,62
mmu-miR-761,25,12,5,1,7,9,39,42,32,33,22,31,37,46,37,50,33,24,36,53,39,39,42,55
mmu-miR-762,32,8,8,2,10,8,47,46,40,38,37,44,44,33,70,54,55,41,27,54,63,44,54,48
mmu-miR-763,6,1,3,1,2,1,13,17,6,7,9,11,9,10,11,12,14,11,16,11,14,8,15,13
mmu-miR-764-3p,21,4,5,5,8,8,37,35,28,24,15,37,41,31,34,48,48,32,26,54,30,30,37,46
mmu-miR-764-5p,29,11,9,5,8,14,47,50,29,37,40,48,53,42,58,47,58,29,31,61,40,44,46,61
mmu-miR-767,25,5,6,5,8,7,23,36,24,19,26,30,42,16,35,35,33,18,22,34,27,26,27,41
mmu-miR-770-3p,29,14,15,9,14,18,46,47,30,46,39,64,44,34,44,62,68,31,34,53,41,50,43,78
mmu-miR-770-5p,17,4,12,2,6,11,41,34,25,25,18,33,48,27,30,35,38,19,31,46,22,40,21,38
mmu-miR-7a,34,10,6,2,15,14,41,51,26,48,56,62,47,31,57,58,61,45,26,45,39,50,36,74
mmu-miR-7b,30,11,10,5,14,13,38,52,32,41,41,46,48,43,42,59,60,34,34,46,43,42,61,63
mmu-miR-802,8,8,4,1,6,7,24,21,19,17,19,9,29,19,26,22,24,16,21,14,26,26,27,24
mmu-miR-804,15,8,9,4,20,8,28,26,25,23,21,44,37,24,30,43,48,16,29,37,33,38,27,41
mmu-miR-871,16,8,4,2,4,10,39,31,27,25,25,29,19,35,44,42,37,20,33,35,42,38,31,36
mmu-miR-872,24,4,7,2,14,17,33,38,17,43,38,41,35,21,36,43,67,22,27,43,37,42,28,44
mmu-miR-873,24,8,11,8,8,8,49,33,34,43,39,39,42,36,32,52,41,40,21,39,32,34,28,56
mmu-miR-874,13,6,3,1,4,4,10,12,8,10,12,7,12,17,14,18,12,14,12,12,20,19,15,11
mmu-miR-875-3p,19,12,12,5,12,5,38,39,28,32,33,48,51,31,31,47,39,25,19,41,33,37,25,63
mmu-miR-875-5p,18,1,7,1,8,12,34,39,26,18,23,34,51,24,31,38,33,23,21,54,32,30,36,46
mmu-miR-876-3p,3,6,8,1,6,4,26,39,10,20,28,37,26,17,32,33,40,19,22,34,26,32,18,48
mmu-miR-876-5p,21,10,7,7,14,5,44,29,42,30,51,34,59,34,58,60,49,35,67,60,75,56,78,74
mmu-miR-877,24,2,5,5,13,10,31,28,27,22,20,33,39,24,23,34,43,20,17,28,32,24,26,46
mmu-miR-878-3p,6,1,1,2,4,3,11,10,5,6,11,11,16,7,21,18,9,6,13,15,16,16,16,14
mmu-miR-878-5p,11,5,9,1,7,6,23,19,19,18,12,8,13,11,27,19,22,17,16,30,26,24,27,27
mmu-miR-879,26,9,10,2,13,9,41,36,28,37,28,45,32,37,35,38,36,26,20,47,31,36,39,56
mmu-miR-880,7,1,6,1,2,1,8,9,9,7,11,11,14,10,15,17,18,8,8,15,14,13,17,14
mmu-miR-881,6,1,8,1,2,2,21,15,11,14,13,17,22,16,29,23,21,21,14,24,22,27,20,32
mmu-miR-882,23,7,3,4,13,10,40,37,20,27,24,40,35,30,27,43,43,27,23,28,31,33,28,52
mmu-miR-883a-3p,13,6,7,3,8,5,34,39,15,15,20,28,30,27,29,32,32,17,17,38,28,30,25,34
mmu-miR-883a-5p,23,5,4,4,7,8,40,34,29,31,26,41,43,32,33,42,40,31,25,37,34,38,31,37
mmu-miR-883b-3p,2,1,1,2,1,1,6,5,1,2,1,1,6,1,6,5,3,2,1,6,4,1,3,2
mmu-miR-883b-5p,11,7,5,3,7,4,23,31,23,17,15,26,25,20,32,36,33,13,21,33,24,21,22,27
mmu-miR-9,629,46,210,61,654,157,287,701,171,1651,1287,1590,976,134,761,849,1439,1109,524,950,319,935,682,1396
mmu-miR-92a,3,3,1,1,3,5,18,11,9,13,10,9,5,8,14,10,14,13,11,12,11,14,8,17
mmu-miR-92b,22,3,4,1,8,2,14,10,13,25,13,18,21,24,21,47,38,13,17,29,29,29,21,26
mmu-miR-93,11,1,3,1,10,7,10,13,4,50,19,26,23,12,22,31,34,12,11,17,8,23,7,23
mmu-miR-96,30,10,10,3,13,12,34,42,32,36,28,39,56,32,50,37,81,36,27,44,32,46,78,68
mmu-miR-98,25,5,5,4,16,7,11,15,11,43,21,46,28,18,35,39,53,20,17,28,14,27,17,33
mmu-miR-99a,319,29,79,40,261,120,147,349,116,744,295,476,341,134,241,349,561,303,207,260,138,208,134,495
mmu-miR-99b,148,22,41,12,98,41,107,153,67,202,124,206,132,82,133,281,401,181,106,141,86,125,96,177
mcmv-miR-M23-1-3p,21,8,4,1,11,13,40,57,34,35,29,50,45,31,37,57,69,31,29,52,40,45,41,49
mcmv-miR-M23-1-5p,17,9,7,6,8,2,24,34,36,26,31,36,30,16,26,42,34,17,28,25,22,24,28,33
mcmv-miR-M23-2,27,5,4,1,10,5,29,18,41,20,16,26,32,20,32,66,65,43,32,33,37,45,34,24
mcmv-miR-M44-1,5,3,1,1,4,5,9,14,8,11,10,14,15,15,10,23,17,13,10,19,21,18,20,16
mcmv-miR-M55-1,16,6,5,2,5,4,31,32,25,17,26,37,26,16,25,34,33,20,21,35,27,28,27,30
mcmv-miR-M87-1,4,1,2,1,4,1,5,6,3,8,9,6,4,5,9,6,12,7,7,6,9,5,8,12
mcmv-miR-M95-1-3p,10,6,5,1,5,3,18,15,18,17,13,34,22,20,39,23,20,22,28,24,28,26,28,23
mcmv-miR-M95-1-5p,4,1,2,1,7,1,16,6,9,8,5,7,9,11,15,5,10,8,7,8,7,17,12,14
mcmv-miR-m01-1,25,2,7,6,5,7,42,37,26,31,29,48,46,32,39,59,39,25,38,44,40,45,53,39
mcmv-miR-m01-2,32,9,7,1,14,12,55,60,27,40,48,46,61,38,46,45,64,32,21,69,36,37,35,75
mcmv-miR-m01-3,17,6,9,5,5,5,23,32,16,23,21,23,29,25,28,40,31,26,13,27,16,29,25,35
mcmv-miR-m01-4,8,1,2,1,3,2,9,9,6,7,6,10,8,5,12,7,10,5,11,10,5,11,10,8
mcmv-miR-m107-1-3p,26,7,13,3,8,13,36,36,33,31,27,48,50,35,47,54,51,32,25,45,41,46,36,55
mcmv-miR-m107-1-5p,13,9,6,2,6,5,25,24,12,26,14,21,25,18,25,22,21,12,15,33,28,28,29,33
mcmv-miR-m108-1,28,5,11,4,13,6,36,45,25,27,31,36,34,37,30,45,49,30,34,63,31,38,42,60
mcmv-miR-m108-2-3p,7,4,3,1,5,1,9,4,11,8,9,8,12,8,18,13,12,8,15,24,15,19,21,12
mcmv-miR-m108-2-5p.1,25,8,11,2,10,9,38,52,23,44,32,44,56,31,48,47,52,31,24,46,42,39,39,37
mcmv-miR-m108-2-5p.2,8,3,3,3,2,2,14,6,7,8,9,5,12,9,15,10,14,8,13,13,15,15,14,13
mcmv-miR-m21-1,15,5,3,4,15,12,38,38,32,39,36,51,38,31,43,47,42,33,29,48,25,46,34,60
mcmv-miR-m22-1,5,1,3,1,1,2,14,9,4,8,7,2,8,8,14,6,9,4,5,4,14,13,7,6
mcmv-miR-m59-1,1,1,2,1,2,2,3,7,8,9,6,3,11,4,12,6,5,5,7,11,19,9,11,10
mcmv-miR-m59-2,28,7,8,4,16,4,60,41,24,47,38,47,44,37,50,51,54,33,46,54,42,51,51,53
mcmv-miR-m88-1,21,8,7,2,11,10,45,38,32,24,33,33,35,27,50,45,48,21,24,40,34,38,33,55
mghv-miR-M1-1,29,4,7,2,10,11,31,21,23,28,25,36,35,24,25,32,38,20,24,47,26,23,30,54
mghv-miR-M1-2,16,3,3,1,13,8,40,39,18,21,22,32,25,23,39,49,31,29,25,39,39,36,38,41
mghv-miR-M1-3,25,7,8,4,11,11,39,33,18,17,28,27,37,22,40,29,36,20,15,40,25,35,29,37
mghv-miR-M1-4,19,7,11,2,12,11,43,51,44,36,37,62,49,46,46,58,59,38,41,51,42,54,49,51
mghv-miR-M1-5,25,11,3,5,11,10,38,38,17,24,26,30,47,22,32,34,46,14,23,36,32,31,34,55
mghv-miR-M1-6,9,1,1,1,1,1,11,8,10,5,5,6,7,7,15,15,4,8,10,9,13,8,9,9
mghv-miR-M1-7-3p,31,3,11,3,9,12,49,47,31,20,41,38,43,29,35,47,43,32,22,40,35,39,28,49
mghv-miR-M1-7-5p,21,8,5,5,13,7,37,27,17,19,25,29,33,21,30,42,31,21,22,32,33,25,29,31
mghv-miR-M1-8,19,7,8,2,14,7,42,35,33,44,29,40,44,29,48,56,62,26,35,40,52,49,33,56
mghv-miR-M1-9,3,3,3,1,1,1,8,9,7,26,6,14,7,9,12,17,8,7,9,5,13,8,8,9